depth_fsw,bottom_time_min,gas_mix,time_to_first_stop,stop_130,stop_120,stop_110,stop_100,stop_90,stop_80,stop_70,stop_60,stop_50,stop_40,stop_30,stop_20,total_ascent_time,chamber_o2_periods,repeat_group,section,source_page,notes
30,371,AIR/O2,1:00,,,,,,,,,,,,0,1:00,,Z,csv_import,9-65,
30,380,AIR/O2,0:20,,,,,,,,,,,,1,2:00,,Z,csv_import,9-65,
30,420,AIR/O2,0:20,,,,,,,,,,,,5,6:00,,Z,csv_import,9-65,
30,480,AIR/O2,0:20,,,,,,,,,,,,9,10:00,,,csv_import,9-65,
30,540,AIR/O2,0:20,,,,,,,,,,,,14,15:00,,,csv_import,9-65,
30,600,AIR/O2,0:20,,,,,,,,,,,,19,20:00,,,csv_import,9-65,
30,660,AIR/O2,0:20,,,,,,,,,,,,22,23:00,,,csv_import,9-65,
30,720,AIR/O2,0:20,,,,,,,,,,,,27,28:00,,,csv_import,9-65,
35,232,AIR/O2,1:10,,,,,,,,,,,,0,1:10,,Z,csv_import,9-65,
35,240,AIR/O2,0:30,,,,,,,,,,,,2,3:10,,Z,csv_import,9-65,
35,270,AIR/O2,0:30,,,,,,,,,,,,7,8:10,,Z,csv_import,9-65,
35,300,AIR/O2,0:30,,,,,,,,,,,,13,14:10,,Z,csv_import,9-65,
35,330,AIR/O2,0:30,,,,,,,,,,,,18,19:10,,Z,csv_import,9-65,
35,360,AIR/O2,0:30,,,,,,,,,,,,22,23:10,,,csv_import,9-65,
35,420,AIR/O2,0:30,,,,,,,,,,,,29,30:10,,,csv_import,9-65,
35,480,AIR/O2,0:30,,,,,,,,,,,,38,44:10,,,csv_import,9-65,
35,540,AIR/O2,0:30,,,,,,,,,,,,45,51:10,,,csv_import,9-65,
35,600,AIR/O2,0:30,,,,,,,,,,,,53,59:10,,,csv_import,9-65,
35,660,AIR/O2,0:30,,,,,,,,,,,,63,69:10,,,csv_import,9-65,
35,720,AIR/O2,0:30,,,,,,,,,,,,71,82:10,,,csv_import,9-65,
40,163,AIR/O2,1:20,,,,,,,,,,,,0,1:20,,O,csv_import,9-66,
40,170,AIR/O2,0:40,,,,,,,,,,,,2,3:20,,O,csv_import,9-66,
40,180,AIR/O2,0:40,,,,,,,,,,,,5,6:20,,Z,csv_import,9-66,
40,190,AIR/O2,0:40,,,,,,,,,,,,7,8:20,,Z,csv_import,9-66,
40,200,AIR/O2,0:40,,,,,,,,,,,,9,10:20,,Z,csv_import,9-66,
40,210,AIR/O2,0:40,,,,,,,,,,,,11,12:20,,Z,csv_import,9-66,
40,220,AIR/O2,0:40,,,,,,,,,,,,12,13:20,,Z,csv_import,9-66,
40,230,AIR/O2,0:40,,,,,,,,,,,,16,17:20,,Z,csv_import,9-66,
40,240,AIR/O2,0:40,,,,,,,,,,,,19,20:20,,Z,csv_import,9-66,
40,270,AIR/O2,0:40,,,,,,,,,,,,26,27:20,,,csv_import,9-66,
40,300,AIR/O2,0:40,,,,,,,,,,,,33,34:20,,,csv_import,9-66,
40,330,AIR/O2,0:40,,,,,,,,,,,,38,44:20,,,csv_import,9-66,
40,360,AIR/O2,0:40,,,,,,,,,,,,44,50:20,,,csv_import,9-66,
40,420,AIR/O2,0:40,,,,,,,,,,,,56,62:20,,,csv_import,9-66,
40,480,AIR/O2,0:40,,,,,,,,,,,,68,79:20,,,csv_import,9-66,
40,540,AIR/O2,0:40,,,,,,,,,,,,80,91:20,,,csv_import,9-66,
40,600,AIR/O2,0:40,,,,,,,,,,,,93,104:20,,,csv_import,9-66,
40,660,AIR/O2,0:40,,,,,,,,,,,,103,119:20,,,csv_import,9-66,
40,720,AIR/O2,0:40,,,,,,,,,,,,112,128:20,,,csv_import,9-66,
45,125,AIR/O2,1:30,,,,,,,,,,,,0,1:30,,N,csv_import,9-67,
45,130,AIR/O2,0:50,,,,,,,,,,,,1,2:30,,O,csv_import,9-67,
45,140,AIR/O2,0:50,,,,,,,,,,,,5,6:30,,O,csv_import,9-67,
45,150,AIR/O2,0:50,,,,,,,,,,,,8,9:30,,Z,csv_import,9-67,
45,160,AIR/O2,0:50,,,,,,,,,,,,11,12:30,,Z,csv_import,9-67,
45,170,AIR/O2,0:50,,,,,,,,,,,,14,15:30,,Z,csv_import,9-67,
45,180,AIR/O2,0:50,,,,,,,,,,,,17,18:30,,Z,csv_import,9-67,
45,190,AIR/O2,0:50,,,,,,,,,,,,19,20:30,,Z,csv_import,9-67,
45,200,AIR/O2,0:50,,,,,,,,,,,,23,24:30,,Z,csv_import,9-67,
45,210,AIR/O2,0:50,,,,,,,,,,,,27,28:30,,Z,csv_import,9-67,
45,220,AIR/O2,0:50,,,,,,,,,,,,30,31:30,,Z,csv_import,9-67,
45,230,AIR/O2,0:50,,,,,,,,,,,,33,34:30,,Z,csv_import,9-67,
45,240,AIR/O2,0:50,,,,,,,,,,,,37,43:30,,Z,csv_import,9-67,
45,270,AIR/O2,0:50,,,,,,,,,,,,45,51:30,,,csv_import,9-67,
45,300,AIR/O2,0:50,,,,,,,,,,,,51,57:30,,,csv_import,9-67,
45,330,AIR/O2,0:50,,,,,,,,,,,,61,67:30,,,csv_import,9-67,
45,360,AIR/O2,0:50,,,,,,,,,,,,69,80:30,,,csv_import,9-67,
45,420,AIR/O2,0:50,,,,,,,,,,,,84,95:30,,,csv_import,9-67,
45,480,AIR/O2,0:50,,,,,,,,,,,,101,117:30,,,csv_import,9-67,
45,540,AIR/O2,0:50,,,,,,,,,,,,117,133:30,,,csv_import,9-67,
50,92,AIR/O2,1:40,,,,,,,,,,,,0,1:40,,M,csv_import,9-68,
50,95,AIR/O2,1:00,,,,,,,,,,,,1,2:40,,M,csv_import,9-68,
50,100,AIR/O2,1:00,,,,,,,,,,,,2,3:40,,N,csv_import,9-68,
50,110,AIR/O2,1:00,,,,,,,,,,,,4,5:40,,O,csv_import,9-68,
50,120,AIR/O2,1:00,,,,,,,,,,,,7,8:40,,O,csv_import,9-68,
50,130,AIR/O2,1:00,,,,,,,,,,,,12,13:40,,Z,csv_import,9-68,
50,140,AIR/O2,1:00,,,,,,,,,,,,16,17:40,,Z,csv_import,9-68,
50,150,AIR/O2,1:00,,,,,,,,,,,,19,20:40,,Z,csv_import,9-68,
50,160,AIR/O2,1:00,,,,,,,,,,,,23,24:40,,Z,csv_import,9-68,
50,170,AIR/O2,1:00,,,,,,,,,,,,26,27:40,,Z,csv_import,9-68,
50,180,AIR/O2,1:00,,,,,,,,,,,,30,31:40,,Z,csv_import,9-68,
50,190,AIR/O2,1:00,,,,,,,,,,,,35,36:40,,Z,csv_import,9-68,
50,200,AIR/O2,1:00,,,,,,,,,,,,39,45:40,,Z,csv_import,9-68,
50,210,AIR/O2,1:00,,,,,,,,,,,,43,49:40,,Z,csv_import,9-68,
50,220,AIR/O2,1:00,,,,,,,,,,,,47,53:40,,Z,csv_import,9-68,
50,230,AIR/O2,1:00,,,,,,,,,,,,50,56:40,,Z,csv_import,9-68,
50,240,AIR/O2,1:00,,,,,,,,,,,,53,59:40,,Z,csv_import,9-68,
50,270,AIR/O2,1:00,,,,,,,,,,,,62,68:40,,,csv_import,9-68,
50,300,AIR/O2,1:00,,,,,,,,,,,,74,85:40,,,csv_import,9-68,
50,330,AIR/O2,1:00,,,,,,,,,,,,83,94:40,,,csv_import,9-68,
50,360,AIR/O2,1:00,,,,,,,,,,,,92,103:40,,,csv_import,9-68,
50,420,AIR/O2,1:00,,,,,,,,,,,,113,129:40,,,csv_import,9-68,
55,74,AIR/O2,1:50,,,,,,,,,,,,0,1:50,,L,csv_import,9-69,
55,75,AIR/O2,1:10,,,,,,,,,,,,1,2:50,,L,csv_import,9-69,
55,80,AIR/O2,1:10,,,,,,,,,,,,2,3:50,,M,csv_import,9-69,
55,90,AIR/O2,1:10,,,,,,,,,,,,5,6:50,,N,csv_import,9-69,
55,100,AIR/O2,1:10,,,,,,,,,,,,8,9:50,,O,csv_import,9-69,
55,110,AIR/O2,1:10,,,,,,,,,,,,12,13:50,,O,csv_import,9-69,
55,120,AIR/O2,1:10,,,,,,,,,,,,17,18:50,,Z,csv_import,9-69,
55,130,AIR/O2,1:10,,,,,,,,,,,,22,23:50,,Z,csv_import,9-69,
55,140,AIR/O2,1:10,,,,,,,,,,,,26,27:50,,Z,csv_import,9-69,
55,150,AIR/O2,1:10,,,,,,,,,,,,30,31:50,,Z,csv_import,9-69,
55,160,AIR/O2,1:10,,,,,,,,,,,,34,35:50,,Z,csv_import,9-69,
55,170,AIR/O2,1:10,,,,,,,,,,,,40,46:50,,Z,csv_import,9-69,
55,180,AIR/O2,1:10,,,,,,,,,,,,45,51:50,,Z,csv_import,9-69,
55,190,AIR/O2,1:10,,,,,,,,,,,,50,56:50,,,csv_import,9-69,
55,200,AIR/O2,1:10,,,,,,,,,,,,54,60:50,,,csv_import,9-69,
55,210,AIR/O2,1:10,,,,,,,,,,,,58,64:50,,,csv_import,9-69,
55,220,AIR/O2,1:10,,,,,,,,,,,,62,68:50,,,csv_import,9-69,
55,230,AIR/O2,1:10,,,,,,,,,,,,66,77:50,,,csv_import,9-69,
55,240,AIR/O2,1:10,,,,,,,,,,,,69,80:50,,,csv_import,9-69,
55,270,AIR/O2,1:10,,,,,,,,,,,,83,94:50,,,csv_import,9-69,
55,300,AIR/O2,1:10,,,,,,,,,,,,94,105:50,,,csv_import,9-69,
55,330,AIR/O2,1:10,,,,,,,,,,,,106,122:50,,,csv_import,9-69,
55,360,AIR/O2,1:10,,,,,,,,,,,,118,134:50,,,csv_import,9-69,
60,63,AIR/O2,2:00,,,,,,,,,,,,0,2:00,,K,csv_import,9-70,
60,65,AIR/O2,1:20,,,,,,,,,,,,1,3:00,,L,csv_import,9-70,
60,70,AIR/O2,1:20,,,,,,,,,,,,4,6:00,,L,csv_import,9-70,
60,80,AIR/O2,1:20,,,,,,,,,,,,7,9:00,,N,csv_import,9-70,
60,90,AIR/O2,1:20,,,,,,,,,,,,10,12:00,,O,csv_import,9-70,
60,100,AIR/O2,1:20,,,,,,,,,,,,15,17:00,,Z,csv_import,9-70,
60,110,AIR/O2,1:20,,,,,,,,,,,,21,23:00,,Z,csv_import,9-70,
60,120,AIR/O2,1:20,,,,,,,,,,,,26,28:00,,Z,csv_import,9-70,
60,130,AIR/O2,1:20,,,,,,,,,,,,31,33:00,,,csv_import,9-70,
60,140,AIR/O2,1:20,,,,,,,,,,,,35,37:00,,,csv_import,9-70,
60,150,AIR/O2,1:20,,,,,,,,,,,,41,48:00,,,csv_import,9-70,
60,160,AIR/O2,1:20,,,,,,,,,,,,48,55:00,,,csv_import,9-70,
60,170,AIR/O2,1:20,,,,,,,,,,,,53,60:00,,,csv_import,9-70,
60,180,AIR/O2,1:20,,,,,,,,,,,,59,66:00,,,csv_import,9-70,
60,190,AIR/O2,1:20,,,,,,,,,,,,64,71:00,,,csv_import,9-70,
60,200,AIR/O2,1:20,,,,,,,,,,,,68,80:00,,,csv_import,9-70,
60,210,AIR/O2,1:20,,,,,,,,,,,,73,85:00,,,csv_import,9-70,
60,220,AIR/O2,1:20,,,,,,,,,,,,77,89:00,,,csv_import,9-70,
60,230,AIR/O2,1:20,,,,,,,,,,,,82,94:00,,,csv_import,9-70,
60,240,AIR/O2,1:20,,,,,,,,,,,,88,100:00,,,csv_import,9-70,
60,270,AIR/O2,1:20,,,,,,,,,,,,102,119:00,,,csv_import,9-70,
60,300,AIR/O2,1:20,,,,,,,,,,,,115,132:00,,,csv_import,9-70,
70,48,AIR/O2,2:20,,,,,,,,,,,,0,2:20,,K,csv_import,9-71,
70,50,AIR/O2,1:40,,,,,,,,,,,,1,3:20,,K,csv_import,9-71,
70,55,AIR/O2,1:40,,,,,,,,,,,,5,7:20,,L,csv_import,9-71,
70,60,AIR/O2,1:40,,,,,,,,,,,,8,10:20,,M,csv_import,9-71,
70,70,AIR/O2,1:40,,,,,,,,,,,,13,15:20,,N,csv_import,9-71,
70,80,AIR/O2,1:40,,,,,,,,,,,,17,19:20,,O,csv_import,9-71,
70,90,AIR/O2,1:40,,,,,,,,,,,,24,26:20,,Z,csv_import,9-71,
70,100,AIR/O2,1:40,,,,,,,,,,,,31,33:20,,,csv_import,9-71,
70,110,AIR/O2,1:40,,,,,,,,,,,,38,45:20,,,csv_import,9-71,
70,120,AIR/O2,1:40,,,,,,,,,,,,44,51:20,,,csv_import,9-71,
70,130,AIR/O2,1:40,,,,,,,,,,,,51,58:20,,,csv_import,9-71,
70,140,AIR/O2,1:40,,,,,,,,,,,,59,66:20,,,csv_import,9-71,
70,150,AIR/O2,1:40,,,,,,,,,,,,66,78:20,,,csv_import,9-71,
70,160,AIR/O2,1:20,,,,,,,,,,,1,72,85:00,,,csv_import,9-71,
70,170,AIR/O2,1:20,,,,,,,,,,,1,78,91:00,,,csv_import,9-71,
70,180,AIR/O2,1:20,,,,,,,,,,,2,83,97:00,,,csv_import,9-71,
70,190,AIR/O2,1:20,,,,,,,,,,,3,88,103:00,,,csv_import,9-71,
70,200,AIR/O2,1:20,,,,,,,,,,,5,93,115:00,,,csv_import,9-71,
70,210,AIR/O2,1:20,,,,,,,,,,,7,98,122:00,,,csv_import,9-71,
70,240,AIR/O2,1:20,,,,,,,,,,,13,110,140:00,,,csv_import,9-71,
80,39,AIR/O2,2:40,,,,,,,,,,,,0,2:40,,J,csv_import,9-72,
80,40,AIR/O2,2:00,,,,,,,,,,,,1,3:40,,J,csv_import,9-72,
80,45,AIR/O2,2:00,,,,,,,,,,,,5,7:40,,K,csv_import,9-72,
80,50,AIR/O2,2:00,,,,,,,,,,,,9,11:40,,M,csv_import,9-72,
80,55,AIR/O2,2:00,,,,,,,,,,,,13,15:40,,M,csv_import,9-72,
80,60,AIR/O2,2:00,,,,,,,,,,,,16,18:40,,N,csv_import,9-72,
80,70,AIR/O2,2:00,,,,,,,,,,,,22,24:40,,O,csv_import,9-72,
80,80,AIR/O2,2:00,,,,,,,,,,,,30,32:40,,Z,csv_import,9-72,
80,90,AIR/O2,2:00,,,,,,,,,,,,39,46:40,,,csv_import,9-72,
80,100,AIR/O2,1:40,,,,,,,,,,,1,46,54:20,,,csv_import,9-72,
80,110,AIR/O2,1:40,,,,,,,,,,,3,51,61:20,,,csv_import,9-72,
80,120,AIR/O2,1:40,,,,,,,,,,,5,59,71:20,,,csv_import,9-72,
80,130,AIR/O2,1:40,,,,,,,,,,,7,67,86:20,,,csv_import,9-72,
80,140,AIR/O2,1:40,,,,,,,,,,,9,73,94:20,,,csv_import,9-72,
80,150,AIR/O2,1:40,,,,,,,,,,,10,80,102:20,,,csv_import,9-72,
80,160,AIR/O2,1:40,,,,,,,,,,,11,86,114:20,,,csv_import,9-72,
80,170,AIR/O2,1:40,,,,,,,,,,,14,90,121:20,,,csv_import,9-72,
80,180,AIR/O2,1:40,,,,,,,,,,,17,96,130:20,,,csv_import,9-72,
80,210,AIR/O2,1:40,,,,,,,,,,,26,110,158:20,,,csv_import,9-72,
90,33,AIR/O2,3:00,,,,,,,,,,,,0,3:00,,J,csv_import,9-73,
90,35,AIR/O2,2:20,,,,,,,,,,,,2,5:00,,J,csv_import,9-73,
90,40,AIR/O2,2:20,,,,,,,,,,,,7,10:00,,L,csv_import,9-73,
90,45,AIR/O2,2:20,,,,,,,,,,,,12,15:00,,M,csv_import,9-73,
90,50,AIR/O2,2:20,,,,,,,,,,,,17,20:00,,N,csv_import,9-73,
90,55,AIR/O2,2:20,,,,,,,,,,,,21,24:00,,O,csv_import,9-73,
90,60,AIR/O2,2:20,,,,,,,,,,,,24,27:00,,O,csv_import,9-73,
90,70,AIR/O2,2:20,,,,,,,,,,,,32,35:00,,Z,csv_import,9-73,
90,80,AIR/O2,2:00,,,,,,,,,,,3,40,50:40,,Z,csv_import,9-73,
90,90,AIR/O2,2:00,,,,,,,,,,,7,46,60:40,,Z,csv_import,9-73,
90,100,AIR/O2,2:00,,,,,,,,,,,10,53,70:40,,,csv_import,9-73,
90,110,AIR/O2,2:00,,,,,,,,,,,13,61,86:40,,,csv_import,9-73,
90,120,AIR/O2,1:40,,,,,,,,,,2,14,70,98:40,,,surd_o2_required,9-73,
90,130,AIR/O2,1:40,,,,,,,,,,5,14,79,110:40,,,csv_import,9-73,
90,140,AIR/O2,1:40,,,,,,,,,,8,14,87,126:40,,,csv_import,9-73,
90,150,AIR/O2,1:40,,,,,,,,,,11,17,94,139:40,,,csv_import,9-73,
90,160,AIR/O2,1:40,,,,,,,,,,13,20,101,151:40,,,csv_import,9-73,
90,170,AIR/O2,1:40,,,,,,,,,,15,23,106,166:40,,,csv_import,9-73,
90,180,AIR/O2,1:40,,,,,,,,,,16,26,112,176:40,,,csv_import,9-73,
90,240,AIR/O2,1:40,,,,,,,,,,42,34,159,267:40,,,csv_import,9-73,
100,25,AIR/O2,3:20,,,,,,,,,,,,0,3:20,,H,csv_import,9-74,
100,30,AIR/O2,2:40,,,,,,,,,,,,2,5:20,,J,csv_import,9-74,
100,35,AIR/O2,2:40,,,,,,,,,,,,8,11:20,,L,csv_import,9-74,
100,40,AIR/O2,2:40,,,,,,,,,,,,14,17:20,,M,csv_import,9-74,
100,45,AIR/O2,2:40,,,,,,,,,,,,19,22:20,,N,csv_import,9-74,
100,50,AIR/O2,2:40,,,,,,,,,,,,24,27:20,,O,csv_import,9-74,
100,55,AIR/O2,2:40,,,,,,,,,,,,28,31:20,,Z,csv_import,9-74,
100,60,AIR/O2,2:40,,,,,,,,,,,,33,36:20,,Z,csv_import,9-74,
100,70,AIR/O2,2:20,,,,,,,,,,,6,39,53:00,,,csv_import,9-74,
100,80,AIR/O2,2:20,,,,,,,,,,,11,45,64:00,,,csv_import,9-74,
100,90,AIR/O2,2:00,,,,,,,,,,2,14,53,82:00,,,csv_import,9-74,
100,100,AIR/O2,2:00,,,,,,,,,,9,14,66,102:00,,,csv_import,9-74,
100,110,AIR/O2,2:00,,,,,,,,,,14,14,76,117:00,,,csv_import,9-74,
100,120,AIR/O2,2:00,,,,,,,,,,19,14,85,136:00,,,csv_import,9-74,
100,150,AIR/O2,1:40,,,,,,,,,3,26,23,109,183:40,,,csv_import,9-74,
110,20,AIR/O2,3:40,,,,,,,,,,,,0,3:40,,H,csv_import,9-75,
110,25,AIR/O2,3:00,,,,,,,,,,,,3,6:40,,I,csv_import,9-75,
110,30,AIR/O2,3:00,,,,,,,,,,,,7,10:40,,K,csv_import,9-75,
110,35,AIR/O2,3:00,,,,,,,,,,,,14,17:40,,M,csv_import,9-75,
110,40,AIR/O2,3:00,,,,,,,,,,,,20,23:40,,N,csv_import,9-75,
110,45,AIR/O2,3:00,,,,,,,,,,,,26,29:40,,O,csv_import,9-75,
110,50,AIR/O2,3:00,,,,,,,,,,,,32,35:40,,,csv_import,9-75,
110,55,AIR/O2,2:40,,,,,,,,,,,3,33,44:20,,,csv_import,9-75,
110,60,AIR/O2,2:40,,,,,,,,,,,7,36,51:20,,,csv_import,9-75,
110,70,AIR/O2,2:40,,,,,,,,,,,14,42,64:20,,,csv_import,9-75,
110,80,AIR/O2,2:20,,,,,,,,,,9,14,54,90:20,,,csv_import,9-75,
110,90,AIR/O2,2:20,,,,,,,,,,18,14,68,113:20,,,csv_import,9-75,
110,100,AIR/O2,2:20,,,,,,,,,,25,14,79,131:20,,,csv_import,9-75,
110,110,AIR/O2,2:00,,,,,,,,,5,26,14,91,154:00,,,csv_import,9-75,
110,120,AIR/O2,2:00,,,,,,,,,10,26,18,101,173:00,,,csv_import,9-75,
110,180,AIR/O2,1:40,,,,,,,3,23,47,,34,159,298:40,,,csv_import,9-75,
120,15,AIR/O2,4:00,,,,,,,,,,,,0,4:00,,F,csv_import,9-76,
120,20,AIR/O2,3:20,,,,,,,,,,,,2,6:00,,H,csv_import,9-76,
120,25,AIR/O2,3:20,,,,,,,,,,,,5,9:00,,J,csv_import,9-76,
120,30,AIR/O2,3:20,,,,,,,,,,,,13,17:00,,L,csv_import,9-76,
120,35,AIR/O2,3:20,,,,,,,,,,,,20,24:00,,N,csv_import,9-76,
120,40,AIR/O2,3:00,,,,,,,,,,,1,26,30:40,,O,csv_import,9-76,
120,45,AIR/O2,3:00,,,,,,,,,,,2,31,36:40,,,csv_import,9-76,
120,50,AIR/O2,3:00,,,,,,,,,,,5,33,46:40,,,csv_import,9-76,
120,55,AIR/O2,3:00,,,,,,,,,,,10,35,53:40,,,csv_import,9-76,
120,60,AIR/O2,3:00,,,,,,,,,,,14,39,61:40,,,csv_import,9-76,
120,70,AIR/O2,2:40,,,,,,,,,,13,14,51,86:40,,,csv_import,9-76,
120,80,AIR/O2,2:40,,,,,,,,,,24,14,67,118:40,,,csv_import,9-76,
120,90,AIR/O2,2:20,,,,,,,,,7,26,14,80,140:20,,,csv_import,9-76,
120,100,AIR/O2,2:20,,,,,,,,,15,25,14,95,167:20,,,csv_import,9-76,
120,110,AIR/O2,2:20,,,,,,,,,21,25,19,105,188:20,,,csv_import,9-76,
120,120,AIR/O2,2:00,,,,,,,,3,23,25,24,113,211:00,,,csv_import,9-76,
130,12,AIR/O2,4:20,,,,,,,,,,,,0,4:20,,F,csv_import,9-77,
130,15,AIR/O2,3:40,,,,,,,,,,,,2,6:20,,G,csv_import,9-77,
130,20,AIR/O2,3:40,,,,,,,,,,,,5,9:20,,I,csv_import,9-77,
130,25,AIR/O2,3:40,,,,,,,,,,,,9,13:20,,K,csv_import,9-77,
130,30,AIR/O2,3:20,,,,,,,,,,,1,17,22:00,,M,csv_import,9-77,
130,35,AIR/O2,3:20,,,,,,,,,,,3,23,30:00,,O,csv_import,9-77,
130,40,AIR/O2,3:20,,,,,,,,,,,3,30,37:00,,,csv_import,9-77,
130,45,AIR/O2,3:00,,,,,,,,,,1,6,33,49:00,,,csv_import,9-77,
130,50,AIR/O2,3:00,,,,,,,,,,2,10,36,57:00,,,csv_import,9-77,
130,55,AIR/O2,3:00,,,,,,,,,,4,14,40,67:00,,,csv_import,9-77,
130,60,AIR/O2,3:00,,,,,,,,,,12,14,46,81:00,,,csv_import,9-77,
130,70,AIR/O2,2:40,,,,,,,,,1,26,14,63,117:40,,,csv_import,9-77,
130,80,AIR/O2,2:40,,,,,,,,,12,26,14,79,144:40,,,csv_import,9-77,
130,90,AIR/O2,2:40,,,,,,,,,22,25,14,95,174:40,,,csv_import,9-77,
130,100,AIR/O2,2:20,,,,,,,,6,23,26,20,106,204:20,,,csv_import,9-77,
130,120,AIR/O2,2:20,,,,,,,17,24,27,29,,130,255:20,,,csv_import,9-77,
130,180,AIR/O2,2:00,,,,,13,21,45,57,46,,,198,418:00,,,csv_import,9-77,
140,10,AIR/O2,4:40,,,,,,,,,,,,0,4:40,,E,csv_import,9-78,
140,15,AIR/O2,4:00,,,,,,,,,,,,3,7:40,,H,csv_import,9-78,
140,20,AIR/O2,4:00,,,,,,,,,,,,7,11:40,,J,csv_import,9-78,
140,25,AIR/O2,3:40,,,,,,,,,,,2,12,18:20,,L,csv_import,9-78,
140,30,AIR/O2,3:40,,,,,,,,,,,4,19,27:20,,N,csv_import,9-78,
140,35,AIR/O2,3:20,,,,,,,,,,2,4,26,36:20,,,csv_import,9-78,
140,40,AIR/O2,3:20,,,,,,,,,,4,4,33,50:20,,,csv_import,9-78,
140,45,AIR/O2,3:20,,,,,,,,,,5,9,36,59:20,,,csv_import,9-78,
140,50,AIR/O2,3:20,,,,,,,,,,8,14,39,70:20,,,csv_import,9-78,
140,55,AIR/O2,3:00,,,,,,,,,1,15,15,45,85:00,,,csv_import,9-78,
140,60,AIR/O2,3:00,,,,,,,,,2,23,14,56,109:00,,,csv_import,9-78,
140,70,AIR/O2,3:00,,,,,,,,,14,25,15,74,142:00,,,csv_import,9-78,
140,80,AIR/O2,2:40,,,,,,,,2,24,25,15,91,175:40,,,csv_import,9-78,
140,90,AIR/O2,2:40,,,,,,,,12,23,26,19,107,210:40,,,csv_import,9-78,
150,8,AIR/O2,5:00,,,,,,,,,,,,0,5:00,,E,csv_import,9-79,
150,10,AIR/O2,4:20,,,,,,,,,,,,1,6:00,,F,csv_import,9-79,
150,15,AIR/O2,4:20,,,,,,,,,,,,5,10:00,,H,csv_import,9-79,
150,20,AIR/O2,4:00,,,,,,,,,,,1,8,13:40,,K,csv_import,9-79,
150,25,AIR/O2,4:00,,,,,,,,,,,4,14,22:40,,M,csv_import,9-79,
150,30,AIR/O2,3:40,,,,,,,,,,4,4,22,34:40,,O,csv_import,9-79,
150,35,AIR/O2,3:40,,,,,,,,,,6,4,30,44:40,,,csv_import,9-79,
150,40,AIR/O2,3:20,,,,,,,,,2,6,7,35,59:20,,,csv_import,9-79,
150,45,AIR/O2,3:20,,,,,,,,,3,8,12,40,72:20,,,csv_import,9-79,
150,50,AIR/O2,3:20,,,,,,,,,4,14,14,46,87:20,,,csv_import,9-79,
150,55,AIR/O2,3:20,,,,,,,,,7,21,14,57,113:20,,,csv_import,9-79,
150,60,AIR/O2,3:20,,,,,,,,,11,26,14,67,132:20,,,csv_import,9-79,
150,70,AIR/O2,3:00,,,,,,,,3,24,25,14,85,170:00,,,csv_import,9-79,
150,80,AIR/O2,3:00,,,,,,,,15,23,26,18,104,205:00,,,csv_import,9-79,
150,90,AIR/O2,2:40,,,,,,,3,22,23,26,24,118,239:40,,,csv_import,9-79,
150,120,AIR/O2,2:20,,,,,3,20,22,23,50,37,168,,356:20,,,csv_import,9-79,
150,180,AIR/O2,2:00,,,,2,19,20,42,48,79,58,222,,538:00,,,csv_import,9-79,
160,7,AIR/O2,5:20,,,,,,,,,,,,0,5:20,,E,csv_import,9-80,
160,10,AIR/O2,4:40,,,,,,,,,,,,2,7:20,,F,csv_import,9-80,
160,15,AIR/O2,4:20,,,,,,,,,,,1,6,12:00,,I,csv_import,9-80,
160,20,AIR/O2,4:00,,,,,,,,,,1,2,10,18:00,,L,csv_import,9-80,
160,25,AIR/O2,4:00,,,,,,,,,,4,4,17,30:00,,N,csv_import,9-80,
160,30,AIR/O2,3:40,,,,,,,,,2,6,4,26,42:40,,,csv_import,9-80,
160,35,AIR/O2,3:40,,,,,,,,,4,6,4,34,57:40,,,csv_import,9-80,
160,40,AIR/O2,3:40,,,,,,,,,6,6,11,38,70:40,,,csv_import,9-80,
160,45,AIR/O2,3:20,,,,,,,,2,5,11,14,45,86:20,,,csv_import,9-80,
160,50,AIR/O2,3:20,,,,,,,,2,8,19,15,55,113:20,,,csv_import,9-80,
160,55,AIR/O2,3:20,,,,,,,,3,11,26,14,67,135:20,,,csv_import,9-80,
160,60,AIR/O2,3:20,,,,,,,,6,17,25,15,77,154:20,,,csv_import,9-80,
160,70,AIR/O2,3:20,,,,,,,,15,23,26,15,99,197:20,,,csv_import,9-80,
160,80,AIR/O2,3:00,,,,,,,6,21,24,25,23,114,237:00,,,csv_import,9-80,
170,6,AIR/O2,5:40,,,,,,,,,,,,0,5:40,,D,csv_import,9-81,
170,10,AIR/O2,5:00,,,,,,,,,,,,3,8:40,,G,csv_import,9-81,
170,15,AIR/O2,4:40,,,,,,,,,,,2,6,13:20,,J,csv_import,9-81,
170,20,AIR/O2,4:20,,,,,,,,,,3,3,12,23:20,,M,csv_import,9-81,
170,25,AIR/O2,4:00,,,,,,,,,1,7,4,20,37:00,,,csv_import,9-81,
170,30,AIR/O2,4:00,,,,,,,,,5,7,3,30,50:00,,,csv_import,9-81,
170,35,AIR/O2,3:40,,,,,,,,2,6,6,8,37,68:40,,,csv_import,9-81,
170,40,AIR/O2,3:40,,,,,,,,4,6,9,12,44,84:40,,,csv_import,9-81,
170,45,AIR/O2,3:40,,,,,,,,5,7,16,14,53,109:40,,,csv_import,9-81,
170,50,AIR/O2,3:20,,,,,,,1,5,11,23,14,66,134:20,,,csv_import,9-81,
170,55,AIR/O2,3:20,,,,,,,2,7,16,26,14,77,156:20,,,csv_import,9-81,
170,60,AIR/O2,3:20,,,,,,,2,11,21,26,14,88,181:20,,,csv_import,9-81,
170,70,AIR/O2,3:20,,,,,,,7,19,24,25,20,109,228:20,,,csv_import,9-81,
170,80,AIR/O2,3:20,,,,,,,17,22,23,26,27,128,267:20,,,csv_import,9-81,
170,90,AIR/O2,3:00,,,,,,8,19,22,23,37,33,148,319:00,,,csv_import,9-81,
170,120,AIR/O2,2:40,,,,9,19,20,22,42,60,46,198,,454:40,,,csv_import,9-81,
170,180,AIR/O2,2:20,,,10,18,19,40,43,70,97,74,229,,648:00,,,csv_import,9-81,
180,6,AIR/O2,6:00,,,,,,,,,,,,0,6:00,,E,csv_import,9-82,
180,10,AIR/O2,5:20,,,,,,,,,,,,4,10:00,,G,csv_import,9-82,
180,15,AIR/O2,4:40,,,,,,,,,,2,2,7,16:40,,K,csv_import,9-82,
180,20,AIR/O2,4:20,,,,,,,,,1,5,3,15,29:20,,,csv_import,9-82,
180,25,AIR/O2,4:20,,,,,,,,,5,6,4,24,44:20,,,csv_import,9-82,
180,30,AIR/O2,4:00,,,,,,,,3,6,6,4,34,63:00,,,csv_import,9-82,
180,35,AIR/O2,3:40,,,,,,,1,5,6,6,11,41,79:40,,,csv_import,9-82,
180,40,AIR/O2,3:40,,,,,,,2,6,5,13,14,48,97:40,,,csv_import,9-82,
180,45,AIR/O2,3:40,,,,,,,4,5,10,20,14,63,130:40,,,csv_import,9-82,
180,50,AIR/O2,3:40,,,,,,,4,8,13,25,15,75,154:40,,,csv_import,9-82,
180,55,AIR/O2,3:40,,,,,,,5,11,19,26,14,87,181:40,,,csv_import,9-82,
180,60,AIR/O2,3:20,,,,,,1,8,13,23,25,16,100,205:20,,,csv_import,9-82,
180,70,AIR/O2,3:20,,,,,,4,12,21,24,25,24,119,253:20,,,csv_import,9-82,
190,5,AIR/O2,6:20,,,,,,,,,,,,0,6:20,,D,csv_import,9-83,
190,10,AIR/O2,5:20,,,,,,,,,,,1,4,11:00,,H,csv_import,9-83,
190,15,AIR/O2,4:40,,,,,,,,,1,3,2,8,19:40,,K,csv_import,9-83,
190,20,AIR/O2,4:20,,,,,,,,1,2,6,4,17,35:20,,,csv_import,9-83,
190,25,AIR/O2,4:20,,,,,,,,2,6,7,3,28,51:20,,,csv_import,9-83,
190,30,AIR/O2,4:00,,,,,,,1,6,5,7,7,38,74:00,,,csv_import,9-83,
190,35,AIR/O2,4:00,,,,,,,4,5,6,8,13,45,91:00,,,csv_import,9-83,
190,40,AIR/O2,3:40,,,,,,1,5,5,8,17,15,58,123:40,,,csv_import,9-83,
190,45,AIR/O2,3:40,,,,,,2,5,6,12,24,15,71,149:40,,,csv_import,9-83,
190,50,AIR/O2,3:40,,,,,,3,5,10,17,26,14,85,179:40,,,csv_import,9-83,
190,55,AIR/O2,3:40,,,,,,4,8,10,24,25,15,99,204:40,,,csv_import,9-83,
190,60,AIR/O2,3:40,,,,,,5,10,16,24,25,20,109,233:40,,,csv_import,9-83,
190,90,AIR/O2,3:20,,,,,11,19,20,21,28,51,41,178,408:20,,,csv_import,9-83,
190,120,AIR/O2,3:00,,,,15,17,19,20,37,46,79,55,219,551:00,,,csv_import,9-83,
